"V1","freq"
"1","Art",1
"2","AskReddit",14
"3","askscience",2
"4","aww",14
"5","books",2
"6","creepy",8
"7","dataisbeautiful",4
"8","DIY",5
"9","EarthPorn",9
"10","explainlikeimfive",7
"11","food",10
"12","funny",13
"13","Futurology",8
"14","gadgets",2
"15","gaming",14
"16","GetMotivated",1
"17","gifs",14
"18","IAmA",13
"19","InternetIsBeautiful",2
"20","Jokes",11
"21","LifeProTips",9
"22","mildlyinteresting",13
"23","movies",11
"24","Music",2
"25","news",14
"26","nottheonion",10
"27","OldSchoolCool",12
"28","personalfinance",3
"29","photoshopbattles",8
"30","pics",14
"31","science",13
"32","Showerthoughts",12
"33","space",10
"34","sports",3
"35","television",6
"36","tifu",5
"37","todayilearned",14
"38","TwoXChromosomes",4
"39","UpliftingNews",5
"40","videos",14
"41","worldnews",14
