i.imgur.com,AnimalsBeingJerks
i.imgur.com,AnimalsBeingJerks
youtube.com,AnimalsBeingJerks
i.imgur.com,AnimalsBeingJerks
i.imgur.com,AnimalsBeingJerks
youtube.com,AnimalsBeingJerks
imgur.com,AnimalsBeingJerks
imgur.com,AnimalsBeingJerks
i.imgur.com,AnimalsBeingJerks
i.imgur.com,AnimalsBeingJerks
youtube.com,AnimalsBeingJerks
youtube.com,AnimalsBeingJerks
youtube.com,AnimalsBeingJerks
youtube.com,AnimalsBeingJerks
flickr.com,AnimalsBeingJerks
dailymotion.com,AnimalsBeingJerks
m.youtube.com,AnimalsBeingJerks
cdn.viraloasis.com,AnimalsBeingJerks
gfycat.com,AnimalsBeingJerks
i.imgur.com,AnimalsBeingJerks
vimeo.com,AnimalsBeingJerks
i.imgur.com,AnimalsBeingJerks
coub.com,AnimalsBeingJerks
i.imgur.com,AnimalsBeingJerks
imgur.com,AnimalsBeingJerks
i.imgur.com,AnimalsBeingJerks
i.imgur.com,AnimalsBeingJerks
i.imgur.com,AnimalsBeingJerks
imgur.com,AnimalsBeingJerks
i.imgur.com,AnimalsBeingJerks
i.imgur.com,AnimalsBeingJerks
imgur.com,AnimalsBeingJerks
i.imgur.com,AnimalsBeingJerks
i.imgur.com,AnimalsBeingJerks
youtube.com,AnimalsBeingJerks
youtube.com,AnimalsBeingJerks
dailymotion.com,AnimalsBeingJerks
i.imgur.com,AnimalsBeingJerks
youtube.com,AnimalsBeingJerks
imgur.com,AnimalsBeingJerks
i.imgur.com,AnimalsBeingJerks
imgur.com,AnimalsBeingJerks
i.imgur.com,AnimalsBeingJerks
i.imgur.com,AnimalsBeingJerks
youtube.com,AnimalsBeingJerks
m.youtube.com,AnimalsBeingJerks
cdn.viraloasis.com,AnimalsBeingJerks
i.imgur.com,AnimalsBeingJerks
gfycat.com,AnimalsBeingJerks
vimeo.com,AnimalsBeingJerks
i.imgur.com,AnimalsBeingJerks
i.imgur.com,AnimalsBeingJerks
i.imgur.com,AnimalsBeingJerks
imgur.com,AnimalsBeingJerks
i.imgur.com,AnimalsBeingJerks
i.imgur.com,AnimalsBeingJerks
imgur.com,AnimalsBeingJerks
i.imgur.com,AnimalsBeingJerks
i.imgur.com,AnimalsBeingJerks
youtube.com,AnimalsBeingJerks
youtube.com,AnimalsBeingJerks
dailymotion.com,AnimalsBeingJerks
i.imgur.com,AnimalsBeingJerks
youtube.com,AnimalsBeingJerks
imgur.com,AnimalsBeingJerks
i.imgur.com,AnimalsBeingJerks
imgur.com,AnimalsBeingJerks
i.imgur.com,AnimalsBeingJerks
i.imgur.com,AnimalsBeingJerks
youtube.com,AnimalsBeingJerks
m.youtube.com,AnimalsBeingJerks
cdn.viraloasis.com,AnimalsBeingJerks
i.imgur.com,AnimalsBeingJerks
gfycat.com,AnimalsBeingJerks
vimeo.com,AnimalsBeingJerks
i.imgur.com,AnimalsBeingJerks
gfycat.com,AnimalsBeingJerks
i.imgur.com,AnimalsBeingJerks
i.imgur.com,AnimalsBeingJerks
imgur.com,AnimalsBeingJerks
imgur.com,AnimalsBeingJerks
i.imgur.com,AnimalsBeingJerks
imgur.com,AnimalsBeingJerks
youtu.be,AnimalsBeingJerks
youtube.com,AnimalsBeingJerks
i.imgur.com,AnimalsBeingJerks
imgur.com,AnimalsBeingJerks
i.imgur.com,AnimalsBeingJerks
i.imgur.com,AnimalsBeingJerks
imgur.com,AnimalsBeingJerks
imgur.com,AnimalsBeingJerks
i.imgur.com,AnimalsBeingJerks
i.imgur.com,AnimalsBeingJerks
youtube.com,AnimalsBeingJerks
youtube.com,AnimalsBeingJerks
i.imgur.com,AnimalsBeingJerks
imgur.com,AnimalsBeingJerks
imgur.com,AnimalsBeingJerks
i.imgur.com,AnimalsBeingJerks
i.imgur.com,AnimalsBeingJerks
i.imgur.com,AnimalsBeingJerks
gfycat.com,AnimalsBeingJerks
i.imgur.com,AnimalsBeingJerks
i.imgur.com,AnimalsBeingJerks
imgur.com,AnimalsBeingJerks
imgur.com,AnimalsBeingJerks
i.imgur.com,AnimalsBeingJerks
imgur.com,AnimalsBeingJerks
youtu.be,AnimalsBeingJerks
youtube.com,AnimalsBeingJerks
i.imgur.com,AnimalsBeingJerks
imgur.com,AnimalsBeingJerks
i.imgur.com,AnimalsBeingJerks
i.imgur.com,AnimalsBeingJerks
imgur.com,AnimalsBeingJerks
imgur.com,AnimalsBeingJerks
i.imgur.com,AnimalsBeingJerks
i.imgur.com,AnimalsBeingJerks
youtube.com,AnimalsBeingJerks
youtube.com,AnimalsBeingJerks
i.imgur.com,AnimalsBeingJerks
imgur.com,AnimalsBeingJerks
imgur.com,AnimalsBeingJerks
i.imgur.com,AnimalsBeingJerks
i.imgur.com,AnimalsBeingJerks
i.imgur.com,AnimalsBeingJerks
gfycat.com,AnimalsBeingJerks
i.imgur.com,AnimalsBeingJerks
i.imgur.com,AnimalsBeingJerks
imgur.com,AnimalsBeingJerks
imgur.com,AnimalsBeingJerks
i.imgur.com,AnimalsBeingJerks
imgur.com,AnimalsBeingJerks
youtu.be,AnimalsBeingJerks
youtube.com,AnimalsBeingJerks
i.imgur.com,AnimalsBeingJerks
imgur.com,AnimalsBeingJerks
i.imgur.com,AnimalsBeingJerks
i.imgur.com,AnimalsBeingJerks
imgur.com,AnimalsBeingJerks
imgur.com,AnimalsBeingJerks
i.imgur.com,AnimalsBeingJerks
i.imgur.com,AnimalsBeingJerks
youtube.com,AnimalsBeingJerks
youtube.com,AnimalsBeingJerks
i.imgur.com,AnimalsBeingJerks
imgur.com,AnimalsBeingJerks
imgur.com,AnimalsBeingJerks
i.imgur.com,AnimalsBeingJerks
i.imgur.com,AnimalsBeingJerks
gifgate.com,AnimalsBeingJerks
gfycat.com,AnimalsBeingJerks
i.imgur.com,AnimalsBeingJerks
i.imgur.com,AnimalsBeingJerks
i.imgur.com,AnimalsBeingJerks
i.imgur.com,AnimalsBeingJerks
gfycat.com,AnimalsBeingJerks
i.imgur.com,AnimalsBeingJerks
i.imgur.com,AnimalsBeingJerks
m.youtube.com,AnimalsBeingJerks
i.imgur.com,AnimalsBeingJerks
imgur.com,AnimalsBeingJerks
i.imgur.com,AnimalsBeingJerks
imgur.com,AnimalsBeingJerks
youtu.be,AnimalsBeingJerks
youtube.com,AnimalsBeingJerks
imgur.com,AnimalsBeingJerks
i.imgur.com,AnimalsBeingJerks
youtube.com,AnimalsBeingJerks
imgur.com,AnimalsBeingJerks
youtube.com,AnimalsBeingJerks
i.imgur.com,AnimalsBeingJerks
i.imgur.com,AnimalsBeingJerks
imgur.com,AnimalsBeingJerks
imgur.com,AnimalsBeingJerks
gifgate.com,AnimalsBeingJerks
gfycat.com,AnimalsBeingJerks
gfycat.com,AnimalsBeingJerks
i.imgur.com,AnimalsBeingJerks
i.imgur.com,AnimalsBeingJerks
i.imgur.com,AnimalsBeingJerks
i.imgur.com,AnimalsBeingJerks
youtube.com,AnimalsBeingJerks
i.imgur.com,AnimalsBeingJerks
imgur.com,AnimalsBeingJerks
imgur.com,AnimalsBeingJerks
youtube.com,AnimalsBeingJerks
imgur.com,AnimalsBeingJerks
i.imgur.com,AnimalsBeingJerks
youtu.be,AnimalsBeingJerks
youtube.com,AnimalsBeingJerks
i.imgur.com,AnimalsBeingJerks
imgur.com,AnimalsBeingJerks
i.imgur.com,AnimalsBeingJerks
imgur.com,AnimalsBeingJerks
i.imgur.com,AnimalsBeingJerks
imgur.com,AnimalsBeingJerks
i.imgur.com,AnimalsBeingJerks
i.imgur.com,AnimalsBeingJerks
youtube.com,AnimalsBeingJerks
gifgate.com,AnimalsBeingJerks
i.imgur.com,AnimalsBeingJerks
i.imgur.com,AnimalsBeingJerks
imgur.com,AnimalsBeingJerks
i.imgur.com,AnimalsBeingJerks
gifgate.com,AnimalsBeingJerks
lazyrex.com,AnimalsBeingJerks
imgur.com,AnimalsBeingJerks
streamable.com,AnimalsBeingJerks
bbc.co.uk,AnimalsBeingJerks
gfycat.com,AnimalsBeingJerks
i.imgur.com,AnimalsBeingJerks
ctvnews.ca,AnimalsBeingJerks
youtube.com,AnimalsBeingJerks
gfycat.com,AnimalsBeingJerks
i.imgur.com,AnimalsBeingJerks
m.youtube.com,AnimalsBeingJerks
i.imgur.com,AnimalsBeingJerks
imgur.com,AnimalsBeingJerks
i.imgur.com,AnimalsBeingJerks
imgur.com,AnimalsBeingJerks
youtu.be,AnimalsBeingJerks
youtube.com,AnimalsBeingJerks
imgur.com,AnimalsBeingJerks
i.imgur.com,AnimalsBeingJerks
gifgate.com,AnimalsBeingJerks
i.imgur.com,AnimalsBeingJerks
i.imgur.com,AnimalsBeingJerks
gifgate.com,AnimalsBeingJerks
imgur.com,AnimalsBeingJerks
youtube.com,AnimalsBeingJerks
streamable.com,AnimalsBeingJerks
bbc.co.uk,AnimalsBeingJerks
gfycat.com,AnimalsBeingJerks
i.imgur.com,AnimalsBeingJerks
ctvnews.ca,AnimalsBeingJerks
youtube.com,AnimalsBeingJerks
gfycat.com,AnimalsBeingJerks
i.imgur.com,AnimalsBeingJerks
m.youtube.com,AnimalsBeingJerks
i.imgur.com,AnimalsBeingJerks
imgur.com,AnimalsBeingJerks
i.imgur.com,AnimalsBeingJerks
imgur.com,AnimalsBeingJerks
youtu.be,AnimalsBeingJerks
youtube.com,AnimalsBeingJerks
imgur.com,AnimalsBeingJerks
i.imgur.com,AnimalsBeingJerks
youtube.com,AnimalsBeingJerks
imgur.com,AnimalsBeingJerks
i.imgur.com,AnimalsBeingJerks
i.imgur.com,AnimalsBeingJerks
gfycat.com,AnimalsBeingJerks
i.imgur.com,AnimalsBeingJerks
imgur.com,AnimalsBeingJerks
i.imgur.com,AnimalsBeingJerks
i.imgur.com,AnimalsBeingJerks
i.imgur.com,AnimalsBeingJerks
gifgate.com,AnimalsBeingJerks
i.imgur.com,AnimalsBeingJerks
imgflip.com,AnimalsBeingJerks
i.imgur.com,AnimalsBeingJerks
youtube.com,AnimalsBeingJerks
imgur.com,AnimalsBeingJerks
gfycat.com,AnimalsBeingJerks
imgur.com,AnimalsBeingJerks
lazyrex.com,AnimalsBeingJerks
youtube.com,AnimalsBeingJerks
i.imgur.com,AnimalsBeingJerks
youtu.be,AnimalsBeingJerks
gifgate.com,AnimalsBeingJerks
streamable.com,AnimalsBeingJerks
bbc.co.uk,AnimalsBeingJerks
gfycat.com,AnimalsBeingJerks
i.imgur.com,AnimalsBeingJerks
i.imgur.com,AnimalsBeingJerks
i.imgur.com,AnimalsBeingJerks
gfycat.com,AnimalsBeingJerks
imgur.com,AnimalsBeingJerks
i.imgur.com,AnimalsBeingJerks
i.imgur.com,AnimalsBeingJerks
i.imgur.com,AnimalsBeingJerks
gifgate.com,AnimalsBeingJerks
i.imgur.com,AnimalsBeingJerks
imgflip.com,AnimalsBeingJerks
i.imgur.com,AnimalsBeingJerks
youtube.com,AnimalsBeingJerks
imgur.com,AnimalsBeingJerks
gfycat.com,AnimalsBeingJerks
imgur.com,AnimalsBeingJerks
lazyrex.com,AnimalsBeingJerks
youtube.com,AnimalsBeingJerks
i.imgur.com,AnimalsBeingJerks
youtu.be,AnimalsBeingJerks
gifgate.com,AnimalsBeingJerks
streamable.com,AnimalsBeingJerks
bbc.co.uk,AnimalsBeingJerks
gfycat.com,AnimalsBeingJerks
i.imgur.com,AnimalsBeingJerks
ctvnews.ca,AnimalsBeingJerks
i.imgur.com,AnimalsBeingJerks
i.imgur.com,AnimalsBeingJerks
gifgate.com,AnimalsBeingJerks
i.imgur.com,AnimalsBeingJerks
imgur.com,AnimalsBeingJerks
imgur.com,AnimalsBeingJerks
lazyrex.com,AnimalsBeingJerks
i.imgur.com,AnimalsBeingJerks
youtu.be,AnimalsBeingJerks
gifgate.com,AnimalsBeingJerks
gfycat.com,AnimalsBeingJerks
bbc.co.uk,AnimalsBeingJerks
streamable.com,AnimalsBeingJerks
gfycat.com,AnimalsBeingJerks
i.imgur.com,AnimalsBeingJerks
ctvnews.ca,AnimalsBeingJerks
youtube.com,AnimalsBeingJerks
gfycat.com,AnimalsBeingJerks
i.imgur.com,AnimalsBeingJerks
m.youtube.com,AnimalsBeingJerks
i.imgur.com,AnimalsBeingJerks
imgur.com,AnimalsBeingJerks
i.imgur.com,AnimalsBeingJerks
imgur.com,AnimalsBeingJerks
youtu.be,AnimalsBeingJerks
imgur.com,aww
i.imgur.com,aww
i.imgur.com,aww
imgur.com,aww
i.imgur.com,aww
i.imgur.com,aww
imgur.com,aww
imgur.com,aww
i.imgur.com,aww
imgur.com,aww
imgur.com,aww
imgur.com,aww
i.imgur.com,aww
i.imgur.com,aww
i.imgur.com,aww
i.imgur.com,aww
i.imgur.com,aww
i.imgur.com,aww
imgur.com,aww
i.imgur.com,aww
imgur.com,aww
imgur.com,aww
i.imgur.com,aww
imgur.com,aww
imgur.com,aww
i.imgur.com,aww
i.imgur.com,aww
imgur.com,aww
imgur.com,aww
i.imgur.com,aww
i.imgur.com,aww
imgur.com,aww
imgur.com,aww
i.imgur.com,aww
imgur.com,aww
i.imgur.com,aww
i.imgur.com,aww
imgur.com,aww
imgur.com,aww
i.imgur.com,aww
imgur.com,aww
i.imgur.com,aww
imgur.com,aww
i.imgur.com,aww
i.imgur.com,aww
imgur.com,aww
imgur.com,aww
imgur.com,aww
imgur.com,aww
i.imgur.com,aww
imgur.com,aww
i.imgur.com,aww
i.imgur.com,aww
imgur.com,aww
gfycat.com,aww
i.imgur.com,aww
i.imgur.com,aww
imgur.com,aww
imgur.com,aww
imgur.com,aww
imgur.com,aww
imgur.com,aww
i.imgur.com,aww
i.imgur.com,aww
imgur.com,aww
i.imgur.com,aww
i.imgur.com,aww
i.imgur.com,aww
i.imgur.com,aww
i.imgur.com,aww
imgur.com,aww
imgur.com,aww
i.imgur.com,aww
imgur.com,aww
imgur.com,aww
i.imgur.com,aww
imgur.com,aww
i.imgur.com,aww
imgur.com,aww
i.imgur.com,aww
i.imgur.com,aww
gfycat.com,aww
imgur.com,aww
imgur.com,aww
i.imgur.com,aww
i.imgur.com,aww
imgur.com,aww
imgur.com,aww
imgur.com,aww
imgur.com,aww
i.imgur.com,aww
i.imgur.com,aww
i.imgur.com,aww
imgur.com,aww
imgur.com,aww
i.imgur.com,aww
imgur.com,aww
imgur.com,aww
i.imgur.com,aww
i.imgur.com,aww
i.imgur.com,aww
imgur.com,aww
i.imgur.com,aww
i.imgur.com,aww
i.imgur.com,aww
imgur.com,aww
i.imgur.com,aww
i.imgur.com,aww
imgur.com,aww
i.imgur.com,aww
imgur.com,aww
imgur.com,aww
i.imgur.com,aww
i.imgur.com,aww
i.imgur.com,aww
i.imgur.com,aww
imgur.com,aww
i.imgur.com,aww
i.imgur.com,aww
imgur.com,aww
i.imgur.com,aww
i.imgur.com,aww
i.imgur.com,aww
i.imgur.com,aww
i.imgur.com,aww
imgur.com,aww
i.imgur.com,aww
imgur.com,aww
imgur.com,aww
i.imgur.com,aww
i.imgur.com,aww
i.imgur.com,aww
i.imgur.com,aww
i.imgur.com,aww
imgur.com,aww
i.imgur.com,aww
i.imgur.com,aww
gfycat.com,aww
i.imgur.com,aww
i.imgur.com,aww
imgur.com,aww
imgur.com,aww
i.imgur.com,aww
i.imgur.com,aww
i.imgur.com,aww
i.imgur.com,aww
imgur.com,aww
i.imgur.com,aww
imgur.com,aww
imgur.com,aww
i.imgur.com,aww
i.imgur.com,aww
i.imgur.com,aww
i.imgur.com,aww
i.imgur.com,aww
imgur.com,aww
i.imgur.com,aww
imgur.com,aww
imgur.com,aww
i.imgur.com,aww
i.imgur.com,aww
imgur.com,aww
imgur.com,aww
i.imgur.com,aww
i.imgur.com,aww
i.imgur.com,aww
i.imgur.com,aww
i.imgur.com,aww
imgur.com,aww
imgur.com,aww
imgur.com,aww
imgur.com,aww
i.imgur.com,aww
i.imgur.com,aww
imgur.com,aww
imgur.com,aww
imgur.com,aww
i.imgur.com,aww
i.imgur.com,aww
i.imgur.com,aww
i.imgur.com,aww
i.imgur.com,aww
imgur.com,aww
i.imgur.com,aww
i.imgur.com,aww
imgur.com,aww
imgur.com,aww
imgur.com,aww
imgur.com,aww
i.imgur.com,aww
imgur.com,aww
i.imgur.com,aww
imgur.com,aww
imgur.com,aww
imgur.com,aww
i.imgur.com,aww
i.imgur.com,aww
imgur.com,aww
i.imgur.com,aww
i.imgur.com,aww
imgur.com,aww
i.imgur.com,aww
i.imgur.com,aww
i.imgur.com,aww
i.imgur.com,aww
i.imgur.com,aww
imgur.com,aww
i.imgur.com,aww
i.imgur.com,aww
i.imgur.com,aww
i.imgur.com,aww
i.imgur.com,aww
i.imgur.com,aww
imgur.com,aww
i.imgur.com,aww
imgur.com,aww
i.imgur.com,aww
i.imgur.com,aww
i.imgur.com,aww
imgur.com,aww
i.imgur.com,aww
i.imgur.com,aww
imgur.com,aww
imgur.com,aww
i.imgur.com,aww
i.imgur.com,aww
i.imgur.com,aww
i.imgur.com,aww
i.imgur.com,aww
i.imgur.com,aww
imgur.com,aww
i.imgur.com,aww
imgur.com,aww
imgur.com,aww
imgur.com,aww
i.imgur.com,aww
i.imgur.com,aww
imgur.com,aww
i.imgur.com,aww
imgur.com,aww
imgur.com,aww
i.imgur.com,aww
imgur.com,aww
imgur.com,aww
imgur.com,aww
i.imgur.com,aww
imgur.com,aww
imgur.com,aww
i.imgur.com,aww
i.imgur.com,aww
i.imgur.com,aww
i.imgur.com,aww
i.imgur.com,aww
i.imgur.com,aww
i.imgur.com,aww
i.imgur.com,aww
imgur.com,aww
i.imgur.com,aww
imgur.com,aww
i.imgur.com,aww
imgur.com,aww
imgur.com,aww
imgur.com,aww
imgur.com,aww
i.imgur.com,aww
imgur.com,aww
imgur.com,aww
imgur.com,aww
imgur.com,aww
i.imgur.com,aww
imgur.com,aww
i.imgur.com,aww
i.imgur.com,aww
imgur.com,aww
i.imgur.com,aww
imgur.com,aww
imgur.com,aww
i.imgur.com,aww
imgur.com,aww
imgur.com,aww
i.imgur.com,aww
imgur.com,aww
imgur.com,aww
i.imgur.com,aww
i.imgur.com,aww
i.imgur.com,aww
imgur.com,aww
imgur.com,aww
i.imgur.com,aww
imgur.com,aww
i.imgur.com,aww
imgur.com,aww
i.imgur.com,aww
imgur.com,aww
i.imgur.com,aww
imgur.com,aww
imgur.com,aww
i.imgur.com,aww
imgur.com,aww
imgur.com,aww
politico.com,nottheonion
news.yahoo.com,nottheonion
eveningexpress.co.uk,nottheonion
newsherald.com,nottheonion
upi.com,nottheonion
bestmobs.com,nottheonion
theguardian.com,nottheonion
nytimes.com,nottheonion
time.com,nottheonion
independent.co.uk,nottheonion
upi.com,nottheonion
theguardian.com,nottheonion
countryliving.com,nottheonion
independent.co.uk,nottheonion
washingtonpost.com,nottheonion
theguardian.com,nottheonion
bbc.com,nottheonion
theguardian.com,nottheonion
theprovince.com,nottheonion
politico.com,nottheonion
bbc.co.uk,nottheonion
pitchfork.com,nottheonion
dailysabah.com,nottheonion
independent.co.uk,nottheonion
nytimes.com,nottheonion
fox2detroit.com,nottheonion
eveningexpress.co.uk,nottheonion
jpost.com,nottheonion
theguardian.com,nottheonion
independent.co.uk,nottheonion
nbcmiami.com,nottheonion
foxnews.com,nottheonion
newsherald.com,nottheonion
theguardian.com,nottheonion
news.yahoo.com,nottheonion
waow.com,nottheonion
politico.com,nottheonion
news.yahoo.com,nottheonion
washingtonpost.com,nottheonion
upi.com,nottheonion
theguardian.com,nottheonion
boiseweekly.com,nottheonion
wtvr.com,nottheonion
time.com,nottheonion
starpulse.com,nottheonion
haaretz.com,nottheonion
thekitchn.com,nottheonion
news.yahoo.com,nottheonion
nbcnews.com,nottheonion
time.com,nottheonion
fox2detroit.com,nottheonion
eveningexpress.co.uk,nottheonion
jpost.com,nottheonion
theguardian.com,nottheonion
independent.co.uk,nottheonion
nbcmiami.com,nottheonion
foxnews.com,nottheonion
newsherald.com,nottheonion
theguardian.com,nottheonion
news.yahoo.com,nottheonion
waow.com,nottheonion
politico.com,nottheonion
news.yahoo.com,nottheonion
washingtonpost.com,nottheonion
upi.com,nottheonion
theguardian.com,nottheonion
boiseweekly.com,nottheonion
wtvr.com,nottheonion
time.com,nottheonion
starpulse.com,nottheonion
haaretz.com,nottheonion
thekitchn.com,nottheonion
news.yahoo.com,nottheonion
nbcnews.com,nottheonion
time.com,nottheonion
fox2detroit.com,nottheonion
eveningexpress.co.uk,nottheonion
theguardian.com,nottheonion
independent.co.uk,nottheonion
newsherald.com,nottheonion
foxnews.com,nottheonion
theguardian.com,nottheonion
waow.com,nottheonion
news.yahoo.com,nottheonion
politico.com,nottheonion
news.yahoo.com,nottheonion
upi.com,nottheonion
jpost.com,nottheonion
wtvr.com,nottheonion
boiseweekly.com,nottheonion
time.com,nottheonion
thekitchn.com,nottheonion
theguardian.com,nottheonion
news.yahoo.com,nottheonion
time.com,nottheonion
independent.co.uk,nottheonion
bbc.com,nottheonion
nbcnews.com,nottheonion
countryliving.com,nottheonion
boston.cbslocal.com,nottheonion
whnt.com,nottheonion
hamptonroads.com,nottheonion
plymouthherald.co.uk,nottheonion
nbcnews.com,nottheonion
espn.go.com,nottheonion
jpost.com,nottheonion
fox2detroit.com,nottheonion
complex.com,nottheonion
nltimes.nl,nottheonion
richardsilverstein.com,nottheonion
edition.cnn.com,nottheonion
news.yahoo.com,nottheonion
mlive.com,nottheonion
news.yahoo.com,nottheonion
theguardian.com,nottheonion
thestar.com,nottheonion
theguardian.com,nottheonion
eveningexpress.co.uk,nottheonion
independent.co.uk,nottheonion
foxnews.com,nottheonion
theguardian.com,nottheonion
newsherald.com,nottheonion
waow.com,nottheonion
news.yahoo.com,nottheonion
upi.com,nottheonion
whnt.com,nottheonion
hamptonroads.com,nottheonion
plymouthherald.co.uk,nottheonion
nbcnews.com,nottheonion
espn.go.com,nottheonion
npr.org,nottheonion
fox2detroit.com,nottheonion
independent.co.uk,nottheonion
richardsilverstein.com,nottheonion
theguardian.com,nottheonion
nltimes.nl,nottheonion
foxnews.com,nottheonion
cnn.com,nottheonion
wishtv.com,nottheonion
sports.yahoo.com,nottheonion
japantoday.com,nottheonion
napavalleyregister.com,nottheonion
thestar.com,nottheonion
mlive.com,nottheonion
news.yahoo.com,nottheonion
timesofindia.indiatimes.com,nottheonion
eveningexpress.co.uk,nottheonion
independent.co.uk,nottheonion
foxnews.com,nottheonion
cbsnews.com,nottheonion
cbc.ca,nottheonion
washingtonpost.com,nottheonion
mlive.com,nottheonion
theguardian.com,nottheonion
time.com,nottheonion
whnt.com,nottheonion
independent.co.uk,nottheonion
wkow.com,nottheonion
smh.com.au,nottheonion
time.com,nottheonion
msnbc.com,nottheonion
wyff4.com,nottheonion
fox9.com,nottheonion
hamptonroads.com,nottheonion
plymouthherald.co.uk,nottheonion
nbcnews.com,nottheonion
espn.go.com,nottheonion
fox2detroit.com,nottheonion
nltimes.nl,nottheonion
news.yahoo.com,nottheonion
independent.co.uk,nottheonion
eveningexpress.co.uk,nottheonion
foxnews.com,nottheonion
theguardian.com,nottheonion
newsherald.com,nottheonion
washingtonpost.com,nottheonion
whnt.com,nottheonion
news.yahoo.com,nottheonion
vancouversun.com,nottheonion
hamptonroads.com,nottheonion
plymouthherald.co.uk,nottheonion
nbcnews.com,nottheonion
espn.go.com,nottheonion
engadget.com,nottheonion
theguardian.com,nottheonion
9news.com.au,nottheonion
richardsilverstein.com,nottheonion
seattletimes.com,nottheonion
fox2detroit.com,nottheonion
bbc.com,nottheonion
thestar.com,nottheonion
cnn.com,nottheonion
nltimes.nl,nottheonion
mlive.com,nottheonion
news.yahoo.com,nottheonion
independent.co.uk,nottheonion
eveningexpress.co.uk,nottheonion
foxnews.com,nottheonion
theguardian.com,nottheonion
newsherald.com,nottheonion
japantoday.com,nottheonion
uk.news.yahoo.com,nottheonion
fox5ny.com,nottheonion
nfl.com,nottheonion
kansascity.com,nottheonion
theguardian.com,nottheonion
cbc.ca,nottheonion
rollingstone.com,nottheonion
independent.co.uk,nottheonion
uk.news.yahoo.com,nottheonion
time.com,nottheonion
wfxg.com,nottheonion
content.time.com,nottheonion
bbc.co.uk,nottheonion
mlive.com,nottheonion
washingtonpost.com,nottheonion
reuters.com,nottheonion
clickorlando.com,nottheonion
coloradoan.com,nottheonion
sdamustang.com,nottheonion
nbc-2.com,nottheonion
abc.net.au,nottheonion
philadelphia.cbslocal.com,nottheonion
mlive.com,nottheonion
news.yahoo.com,nottheonion
japantoday.com,nottheonion
fox5ny.com,nottheonion
uk.news.yahoo.com,nottheonion
cbc.ca,nottheonion
nfl.com,nottheonion
kansascity.com,nottheonion
time.com,nottheonion
theguardian.com,nottheonion
wfxg.com,nottheonion
mlive.com,nottheonion
reuters.com,nottheonion
bbc.co.uk,nottheonion
abc.net.au,nottheonion
washingtonpost.com,nottheonion
journalgazette.net,nottheonion
independent.co.uk,nottheonion
ibtimes.co.in,nottheonion
bbc.co.uk,nottheonion
clickorlando.com,nottheonion
theguardian.com,nottheonion
rollingstone.com,nottheonion
time.com,nottheonion
news.yahoo.com,nottheonion
independent.co.uk,nottheonion
washingtonpost.com,nottheonion
latimes.com,nottheonion
itv.com,nottheonion
independent.co.uk,nottheonion
cbsnews.com,nottheonion
globalnews.ca,nottheonion
siberiantimes.com,nottheonion
bbc.co.uk,nottheonion
fox6now.com,nottheonion
news.sciencemag.org,nottheonion
theguardian.com,nottheonion
nytimes.com,nottheonion
washingtonpost.com,nottheonion
kare11.com,nottheonion
theguardian.com,nottheonion
abc15.com,nottheonion
uk.news.yahoo.com,nottheonion
12news.com,nottheonion
wkrn.com,nottheonion
cnews.canoe.com,nottheonion
washingtonpost.com,nottheonion
au.news.yahoo.com,nottheonion
yahoo.com,nottheonion
independent.co.uk,nottheonion
theguardian.com,nottheonion
fox5ny.com,nottheonion
detroit.cbslocal.com,nottheonion
cbsnews.com,nottheonion
independent.co.uk,nottheonion
itv.com,nottheonion
globalnews.ca,nottheonion
siberiantimes.com,nottheonion
latimes.com,nottheonion
news.sciencemag.org,nottheonion
theguardian.com,nottheonion
on.msnbc.com,nottheonion
fox6now.com,nottheonion
theintercept.com,nottheonion
news.yahoo.com,nottheonion
nytimes.com,nottheonion
washingtonpost.com,nottheonion
uk.news.yahoo.com,nottheonion
timeout.com,nottheonion
bbc.co.uk,nottheonion
ultimateclassicrock.com,nottheonion
theguardian.com,nottheonion
cnews.canoe.com,nottheonion
washingtonpost.com,nottheonion
au.news.yahoo.com,nottheonion
yahoo.com,nottheonion
independent.co.uk,nottheonion
cbsnews.com,nottheonion
theguardian.com,nottheonion
uk.news.yahoo.com,nottheonion
siberiantimes.com,nottheonion
fox5ny.com,nottheonion
independent.co.uk,nottheonion
avclub.com,television
theguardian.com,nottheonion
cnews.canoe.com,nottheonion
au.news.yahoo.com,nottheonion
washingtonpost.com,nottheonion
nfl.com,nottheonion
uk.news.yahoo.com,nottheonion
rollingstone.com,nottheonion
kansascity.com,nottheonion
nbc-2.com,nottheonion
philadelphia.cbslocal.com,nottheonion
techcrunch.com,nottheonion
qz.com,nottheonion
washingtonpost.com,nottheonion
bbc.com,nottheonion
sandiegouniontribune.com,nottheonion
yahoo.com,nottheonion
bbc.co.uk,nottheonion
cbc.ca,nottheonion
statesman.com,nottheonion
ew.com,television
hollywoodreporter.com,television
pedestrian.tv,television
southpark.cc.com,television
reddit.com,television
youtube.com,television
nerdist.com,television
youtube.com,television
youtube.com,television
avclub.com,television
reddit.com,television
techdirt.com,television
reddit.com,television
reddit.com,television
variety.com,television
youtu.be,television
hollywoodreporter.com,television
variety.com,television
broadcastingcable.com,television
reddit.com,television
reddit.com,television
youtube.com,television
youtube.com,television
youtube.com,television
ew.com,television
youtu.be,television
vulture.com,television
stanakatic.com,television
youtube.com,television
ew.com,television
youtube.com,television
youtu.be,television
reddit.com,television
youtube.com,television
hollywoodreporter.com,television
reddit.com,television
reddit.com,television
reddit.com,television
youtu.be,television
reddit.com,television
strawpoll.me,television
pedestrian.tv,television
variety.com,television
deadline.com,television
reddit.com,television
untitledtv.com,television
youtube.com,television
youtu.be,television
telltaletv.com,television
reddit.com,television
cnbc.com,television
youtu.be,television
vulture.com,television
stanakatic.com,television
youtube.com,television
ew.com,television
youtube.com,television
youtube.com,television
reddit.com,television
youtube.com,television
hollywoodreporter.com,television
reddit.com,television
reddit.com,television
reddit.com,television
youtu.be,television
reddit.com,television
strawpoll.me,television
pedestrian.tv,television
variety.com,television
deadline.com,television
reddit.com,television
untitledtv.com,television
youtube.com,television
youtu.be,television
telltaletv.com,television
reddit.com,television
cnbc.com,television
reddit.com,television
youtube.com,television
avclub.com,television
twitter.com,television
reddit.com,television
reddit.com,television
reddit.com,television
youtube.com,television
reddit.com,television
reddit.com,television
vulture.com,television
cc.com,television
reddit.com,television
youtu.be,television
reddit.com,television
stanakatic.com,television
hollywoodreporter.com,television
reddit.com,television
youtube.com,television
reddit.com,television
reddit.com,television
reddit.com,television
twitter.com,television
reddit.com,television
reddit.com,television
twitter.com,television
reddit.com,television
youtube.com,television
en.wikipedia.org,television
youtu.be,television
reddit.com,television
reddit.com,television
reddit.com,television
reddit.com,television
reddit.com,television
reddit.com,television
youtube.com,television
youtu.be,television
youtube.com,television
reddit.com,television
reddit.com,television
reddit.com,television
vulture.com,television
cc.com,television
youtu.be,television
comicbook.com,television
reddit.com,television
reddit.com,television
youtube.com,television
splitsider.com,television
twitter.com,television
en.wikipedia.org,television
twitter.com,television
variety.com,television
dailymotion.com,television
reddit.com,television
pedestrian.tv,television
reddit.com,television
reddit.com,television
reddit.com,television
reddit.com,television
youtube.com,television
reddit.com,television
engadget.com,television
economist.com,television
ew.com,television
hindustantimes.com,television
avclub.com,television
youtube.com,television
reddit.com,television
youtube.com,television
deadline.com,television
washingtonpost.com,television
time.com,television
twitter.com,television
en.wikipedia.org,television
reddit.com,television
youtube.com,television
reddit.com,television
avclub.com,television
youtube.com,television
youtube.com,television
reddit.com,television
reddit.com,television
reddit.com,television
reddit.com,television
reddit.com,television
youtu.be,television
youtu.be,television
reddit.com,television
youtube.com,television
reddit.com,television
reddit.com,television
reddit.com,television
reddit.com,television
youtube.com,television
reddit.com,television
reddit.com,television
reddit.com,television
deadline.com,television
youtu.be,television
youtube.com,television
variety.com,television
youtube.com,television
theatlantic.com,television
youtube.com,television
youtube.com,television
youtube.com,television
variety.com,television
splitsider.com,television
youtube.com,television
reddit.com,television
youtube.com,television
deadline.com,television
reddit.com,television
avclub.com,television
twitter.com,television
reddit.com,television
twitter.com,television
reddit.com,television
reddit.com,television
reddit.com,television
hollywoodreporter.com,television
cinemablend.com,television
catchupgrant.com,television
youtu.be,television
youtube.com,television
variety.com,television
youtube.com,television
splitsider.com,television
youtube.com,television
reddit.com,television
youtube.com,television
youtube.com,television
reddit.com,television
avclub.com,television
reddit.com,television
twitter.com,television
twitter.com,television
youtube.com,television
youtube.com,television
reddit.com,television
ew.com,television
youtube.com,television
hollywoodreporter.com,television
catchupgrant.com,television
cinemablend.com,television
reddit.com,television
variety.com,television
reddit.com,television
youtu.be,television
reddit.com,television
youtu.be,television
nytimes.com,television
deadline.com,television
variety.com,television
deadline.com,television
avclub.com,television
itpro.co.uk,television
youtube.com,television
variety.com,television
reddit.com,television
rawstory.com,television
techcrunch.com,television
theverge.com,television
dailydot.com,television
variety.com,television
samuelwbennett.com,television
theverge.com,television
youtu.be,television
cinemablend.com,television
reddit.com,television
avclub.com,television
nytimes.com,television
youtu.be,television
variety.com,television
deadline.com,television
deadline.com,television
youtube.com,television
avclub.com,television
rawstory.com,television
dailydot.com,television
variety.com,television
avclub.com,television
itpro.co.uk,television
youtu.be,television
youtube.com,television
youtube.com,television
theverge.com,television
reddit.com,television
reddit.com,television
reddit.com,television
reddit.com,television
reddit.com,television
reddit.com,television
theverge.com,television
grantland.com,television
variety.com,television
deadline.com,television
rawstory.com,television
youtu.be,television
youtube.com,television
youtube.com,television
youtube.com,television
reddit.com,television
theatlantic.com,television
youtube.com,television
deadline.com,television
reddit.com,television
reddit.com,television
youtube.com,television
imdb.com,television
bbc.co.uk,worldnews
reddit.com,television
reddit.com,television
youtube.com,television
variety.com,television
splitsider.com,television
reddit.com,television
reddit.com,television
deadline.com,television
reddit.com,television
reddit.com,television
bbc.co.uk,worldnews
mirror.co.uk,worldnews
theguardian.com,worldnews
dailysabah.com,worldnews
bbc.com,worldnews
techti.me,worldnews
bbc.co.uk,worldnews
theguardian.com,worldnews
iflscience.com,worldnews
taipeitimes.com,worldnews
presstv.com,worldnews
theguardian.com,worldnews
timesofindia.com,worldnews
reuters.com,worldnews
nytimes.com,worldnews
cbc.ca,worldnews
speisa.com,worldnews
news.xinhuanet.com,worldnews
fortune.com,worldnews
news.yahoo.com,worldnews
mashable.com,worldnews
theguardian.com,worldnews
timesofisrael.com,worldnews
dailymail.co.uk,worldnews
koreatimesus.com,worldnews
bigstory.ap.org,worldnews
rt.com,worldnews
techtimes.com,worldnews
rt.com,worldnews
archive.is,worldnews
khaleejtimes.com,worldnews
bloomberg.com,worldnews
nhk.or.jp,worldnews
rt.com,worldnews
independent.co.uk,worldnews
channelnewsasia.com,worldnews
iflscience.com,worldnews
independent.co.uk,worldnews
interfax.com,worldnews
digitaljournal.com,worldnews
wildaid.org,worldnews
nytimes.com,worldnews
hosted.ap.org,worldnews
news.nationalpost.com,worldnews
aljazeera.com,worldnews
scottishtimes.com,worldnews
aljazeera.com,worldnews
ibtimes.co.uk,worldnews
bbc.com,worldnews
theguardian.com,worldnews
english.alarabiya.net,worldnews
rt.com,worldnews
reuters.com,worldnews
ibtimes.co.in,worldnews
euronews.com,worldnews
cbc.ca,worldnews
trust.org,worldnews
reuters.com,worldnews
news.nationalpost.com,worldnews
nytimes.com,worldnews
smh.com.au,worldnews
timesofisrael.com,worldnews
dw.com,worldnews
rte.ie,worldnews
rt.com,worldnews
news.xinhuanet.com,worldnews
digitaljournal.com,worldnews
khaleejtimes.com,worldnews
huffingtonpost.com,worldnews
washingtonpost.com,worldnews
globalresearch.ca,worldnews
nytimes.com,worldnews
digitaljournal.com,worldnews
theguardian.com,worldnews
bigstory.ap.org,worldnews
english.alarabiya.net,worldnews
trust.org,worldnews
reuters.com,worldnews
rt.com,worldnews
euronews.com,worldnews
news.nationalpost.com,worldnews
reuters.com,worldnews
cbc.ca,worldnews
ibtimes.co.in,worldnews
news.nationalpost.com,worldnews
nytimes.com,worldnews
timesofisrael.com,worldnews
dw.com,worldnews
globalresearch.ca,worldnews
haaretz.com,worldnews
digitaljournal.com,worldnews
smh.com.au,worldnews
bbc.com,worldnews
huffingtonpost.com,worldnews
theguardian.com,worldnews
rte.ie,worldnews
digitaljournal.com,worldnews
washingtonpost.com,worldnews
reuters.com,worldnews
news.vice.com,worldnews
bbc.com,worldnews
news.nationalpost.com,worldnews
trust.org,worldnews
english.alarabiya.net,worldnews
nytimes.com,worldnews
bbc.com,worldnews
reuters.com,worldnews
zeenews.india.com,worldnews
euronews.com,worldnews
space.com,worldnews
reuters.com,worldnews
bbc.com,worldnews
cbc.ca,worldnews
huffingtonpost.com,worldnews
news.nationalpost.com,worldnews
timesofisrael.com,worldnews
haaretz.com,worldnews
rt.com,worldnews
thelocal.de,worldnews
edition.cnn.com,worldnews
globalresearch.ca,worldnews
ndtv.com,worldnews
digitaljournal.com,worldnews
nytimes.com,worldnews
dw.com,worldnews
guardian.co.uk,worldnews
theguardian.com,worldnews
torrentfreak.com,worldnews
bbc.com,worldnews
theage.com.au,worldnews
cbc.ca,worldnews
bbc.co.uk,worldnews
euobserver.com,worldnews
huffingtonpost.com,worldnews
bbc.com,worldnews
theguardian.com,worldnews
cbsnews.com,worldnews
washingtonpost.com,worldnews
reuters.com,worldnews
nytimes.com,worldnews
theguardian.com,worldnews
news.nationalpost.com,worldnews
nbcnews.com,worldnews
reuters.com,worldnews
marketwatch.com,worldnews
zeenews.india.com,worldnews
timesofisrael.com,worldnews
stuff.co.nz,worldnews
dw.com,worldnews
news.yahoo.com,worldnews
guardian.co.uk,worldnews
theguardian.com,worldnews
torrentfreak.com,worldnews
bbc.com,worldnews
catchnews.com,worldnews
bbc.com,worldnews
huffingtonpost.com,worldnews
theage.com.au,worldnews
euobserver.com,worldnews
news.nationalpost.com,worldnews
zeenews.india.com,worldnews
theguardian.com,worldnews
trust.org,worldnews
marketwatch.com,worldnews
ibtimes.co.uk,worldnews
dw.com,worldnews
nbcnews.com,worldnews
reuters.com,worldnews
dailystar.com.lb,worldnews
timesofisrael.com,worldnews
news.yahoo.com,worldnews
nytimes.com,worldnews
ndtv.com,worldnews
english.alarabiya.net,worldnews
independent.co.uk,worldnews
i100.independent.co.uk,worldnews
huffingtonpost.com,worldnews
bbc.com,worldnews
bbc.com,worldnews
cnbc.com,worldnews
foxnews.com,worldnews
theguardian.com,worldnews
theguardian.com,worldnews
haaretz.com,worldnews
macleans.ca,worldnews
reuters.com,worldnews
mashable.com,worldnews
cnn.com,worldnews
qz.com,worldnews
jpost.com,worldnews
livescience.com,worldnews
macleans.ca,worldnews
theguardian.com,worldnews
marieclaire.co.uk,worldnews
businessinsider.com,worldnews
guardian.co.uk,worldnews
reuters.com,worldnews
theguardian.com,worldnews
ajw.asahi.com,worldnews
cbc.ca,worldnews
independent.co.uk,worldnews
foxnews.com,worldnews
i100.independent.co.uk,worldnews
cnbc.com,worldnews
independent.co.uk,worldnews
bbc.com,worldnews
huffingtonpost.com,worldnews
bbc.com,worldnews
theguardian.com,worldnews
reuters.com,worldnews
cnn.com,worldnews
guardian.co.uk,worldnews
reuters.com,worldnews
theguardian.com,worldnews
macleans.ca,worldnews
theguardian.com,worldnews
marieclaire.co.uk,worldnews
cbc.ca,worldnews
ajw.asahi.com,worldnews
macleans.ca,worldnews
torrentfreak.com,worldnews
cbsnews.com,worldnews
cbsnews.com,worldnews
geekwire.com,worldnews
nation.foxnews.com,worldnews
huffingtonpost.com,worldnews
mashable.com,worldnews
jpost.com,worldnews
i100.independent.co.uk,worldnews
independent.co.uk,worldnews
livescience.com,worldnews
cbc.ca,worldnews
thelocal.no,worldnews
cbc.ca,worldnews
bbc.com,worldnews
theguardian.com,worldnews
bbc.com,worldnews
ndtv.com,worldnews
yahoo.com,worldnews
washingtonpost.com,worldnews
qz.com,worldnews
theguardian.com,worldnews
cnbc.com,worldnews
reuters.com,worldnews
foxnews.com,worldnews
businessinsider.com,worldnews
cbc.ca,worldnews
sciencedaily.com,worldnews
cbc.ca,worldnews
cnn.com,worldnews
reuters.com,worldnews
sciencebusiness.net,worldnews
edition.cnn.com,worldnews
ndtv.com,worldnews
theguardian.com,worldnews
jakarta.coconuts.co,worldnews
au.news.yahoo.com,worldnews
reuters.com,worldnews
dw.com,worldnews
theguardian.com,worldnews
thenewsspots.com,worldnews
theguardian.com,worldnews
anongalactic.com,worldnews
smithsonianmag.com,worldnews
msnbc.com,worldnews
cbc.ca,worldnews
nytimes.com,worldnews
mashable.com,worldnews
news.yahoo.com,worldnews
theguardian.com,worldnews
nytimes.com,worldnews
jpost.com,worldnews
huffingtonpost.com,worldnews
cbc.ca,worldnews
reuters.com,worldnews
ndtv.com,worldnews
theguardian.com,worldnews
edition.cnn.com,worldnews
au.news.yahoo.com,worldnews
reuters.com,worldnews
jakarta.coconuts.co,worldnews
mashable.com,worldnews
dw.com,worldnews
theguardian.com,worldnews
anongalactic.com,worldnews
tabletmag.com,worldnews
mashable.com,worldnews
theguardian.com,worldnews
jpost.com,worldnews
theguardian.com,worldnews
msnbc.com,worldnews
huffingtonpost.com,worldnews
smithsonianmag.com,worldnews
cbc.ca,worldnews
cbc.ca,worldnews
i100.independent.co.uk,worldnews
nytimes.com,worldnews
livescience.com,worldnews
thelocal.no,worldnews
