todayilearned,1181,5731,1
pics,1169,6065,1
funny,2132,4966,1
gifs,293,3382,1
pics,411,2057,1
mildlyinteresting,579,5610,1
gaming,1653,4435,1
IAmA,1130,2649,1
movies,1429,4327,1
news,624,4954,1
television,1036,5173,1
worldnews,1508,4654,1
personalfinance,612,3445,1
aww,466,5305,1
AskReddit,998,3120,1
Jokes,222,3401,1
photoshopbattles,350,4167,1
nottheonion,85,1685,1
EarthPorn,94,4234,1
food,1276,5153,1
videos,310,3586,1
space,313,3488,1
science,972,5564,1
Showerthoughts,86,2691,1
Futurology,792,4334,1
explainlikeimfive,946,2560,1
books,383,2651,1
pics,469,5755,1
science,1160,5811,1
funny,1065,5071,1
aww,359,5227,1
worldnews,2410,5420,1
videos,763,5169,1
IAmA,1218,3975,1
todayilearned,456,4970,1
gifs,791,5667,1
gaming,902,4722,1
Futurology,635,3919,1
nottheonion,309,4717,1
AskReddit,5013,4099,1
Showerthoughts,46,886,1
mildlyinteresting,673,5446,1
Jokes,42,1700,1
videos,869,5227,1
todayilearned,573,5153,1
gifs,844,5600,1
gaming,156,3557,1
worldnews,2026,4028,1
personalfinance,889,4328,1
news,1183,5620,1
OldSchoolCool,200,2209,1
movies,1728,4234,1
television,1139,5139,1
photoshopbattles,416,4352,1
creepy,436,3016,1
EarthPorn,116,4583,1
explainlikeimfive,1384,3735,1
funny,183,4494,1
Showerthoughts,274,4044,1
pics,617,5807,1
science,1381,5993,1
aww,457,5319,1
worldnews,2938,5490,1
mildlyinteresting,115,1651,1
IAmA,1444,4376,1
nottheonion,317,3054,1
nottheonion,332,4812,1
Jokes,94,2936,1
AskReddit,5919,4346,1
space,290,1651,1
OldSchoolCool,246,2784,1
DIY,63,679,1
personalfinance,919,4398,1
news,1238,5656,1
food,218,637,1
movies,1776,4217,1
LifeProTips,159,593,1
television,1158,5133,1
todayilearned,501,5590,1
pics,852,5785,1
funny,165,4305,1
gifs,175,5080,1
news,843,3840,1
space,332,4306,1
AskReddit,4189,3633,1
aww,499,5006,1
science,479,3725,1
mildlyinteresting,1616,4020,1
videos,579,2607,1
IAmA,378,1441,1
Jokes,144,2203,1
food,392,3666,1
gaming,1003,4885,1
creepy,79,840,1
OldSchoolCool,116,1664,1
books,333,2459,1
Showerthoughts,193,3008,1
Futurology,655,2930,1
DIY,366,3516,1
UpliftingNews,56,1145,1
tifu,2459,3772,1
pics,607,5298,1
funny,955,5285,1
aww,355,5094,1
sports,229,3811,1
gifs,1223,6127,1
todayilearned,3073,5122,1
science,898,4776,1
news,543,4647,1
gaming,422,4887,1
worldnews,1090,3923,1
UpliftingNews,247,1798,1
mildlyinteresting,585,4122,1
creepy,233,3655,1
gifs,87,2944,1
askscience,347,2321,1
videos,712,3463,1
IAmA,812,2938,1
AskReddit,2537,4205,1
LifeProTips,113,1723,1
explainlikeimfive,639,2453,1
food,189,3011,1
space,56,1848,1
EarthPorn,48,1773,1
nottheonion,144,1279,1
Futurology,121,1917,1
tifu,233,874,1
pics,884,5719,1
gaming,232,4268,1
funny,570,5666,1
videos,428,4595,1
mildlyinteresting,141,3439,1
OldSchoolCool,183,3461,1
UpliftingNews,623,3723,1
sports,321,4679,1
aww,495,5185,1
todayilearned,352,4517,1
LifeProTips,287,3411,1
science,1200,5068,1
worldnews,1981,4917,1
space,122,4002,1
news,769,5102,1
askscience,518,3351,1
AskReddit,6187,4050,1
explainlikeimfive,1160,3712,1
EarthPorn,84,2897,1
creepy,298,4076,1
nottheonion,241,2099,1
IAmA,1015,3314,1
food,311,3715,1
TwoXChromosomes,77,671,1
funny,311,5227,1
worldnews,451,4101,1
AskReddit,768,2844,1
gifs,54,2390,1
gaming,354,4553,1
creepy,123,1512,1
mildlyinteresting,432,4874,1
todayilearned,284,3657,1
aww,537,5331,1
space,546,2051,1
EarthPorn,26,1070,1
Jokes,134,3167,1
DIY,167,2884,1
food,177,3294,1
news,619,2192,1
TwoXChromosomes,469,2805,1
IAmA,1463,3791,1
Showerthoughts,283,3508,1
OldSchoolCool,478,4762,1
movies,5673,3598,1
videos,459,1922,1
photoshopbattles,130,2707,1
UpliftingNews,923,4378,1
Music,30,436,1
pics,257,4389,1
funny,780,7100,1
todayilearned,421,4216,1
IAmA,5938,6670,1
tifu,492,3936,1
gifs,1704,5806,1
videos,1149,4213,1
aww,109,3982,1
worldnews,5690,7251,1
gaming,590,4414,1
science,2040,6265,1
DIY,1047,4586,1
space,1080,5807,1
news,298,4477,1
mildlyinteresting,334,3807,1
LifeProTips,500,3991,1
photoshopbattles,211,3789,1
movies,1320,3351,1
Jokes,402,2854,1
OldSchoolCool,699,4787,1
food,214,3340,1
AskReddit,15260,4501,1
nottheonion,247,2828,1
Showerthoughts,445,4310,1
creepy,355,3389,1
IAmA,2307,7065,1
worldnews,4444,9079,1
science,1460,7631,1
space,802,5861,1
news,539,4606,1
gifs,870,5427,1
funny,94,2985,1
pics,248,4178,1
aww,807,5336,1
videos,956,3809,1
mildlyinteresting,746,5052,1
AskReddit,9640,4173,1
gaming,593,3998,1
LifeProTips,235,2412,1
OldSchoolCool,504,4223,1
movies,593,2660,1
Showerthoughts,204,3544,1
DIY,279,1568,1
Jokes,160,1964,1
todayilearned,191,1660,1
creepy,232,2520,1
photoshopbattles,90,1913,1
Futurology,310,2094,1
food,99,1512,1
television,2252,1958,1
videos,1145,4926,1
funny,176,4150,1
aww,95,3885,1
science,1248,5333,1
news,3970,4857,1
gaming,252,3936,1
todayilearned,244,4833,1
gifs,740,5423,1
pics,693,4782,1
worldnews,182,3952,1
mildlyinteresting,147,3443,1
Jokes,127,2035,1
dataisbeautiful,376,2923,1
Showerthoughts,210,1741,1
movies,367,1894,1
tifu,298,2541,1
explainlikeimfive,1756,2857,1
nottheonion,231,1244,1
LifeProTips,147,1134,1
food,134,2193,1
EarthPorn,70,1422,1
space,58,2649,1
AskReddit,1945,1096,1
OldSchoolCool,23,539,1
Futurology,474,620,1
worldnews,803,4284,1
pics,349,5719,1
funny,345,5588,1
gaming,351,4980,1
todayilearned,580,5478,1
nottheonion,1142,3999,1
gifs,1103,5645,1
aww,179,2998,1
mildlyinteresting,838,4842,1
AskReddit,7739,4030,1
news,975,5158,1
videos,772,4211,1
space,90,2426,1
science,100,3765,1
movies,779,3171,1
GetMotivated,308,2899,1
Showerthoughts,91,1182,1
photoshopbattles,488,3815,1
Art,44,1290,1
IAmA,1085,3858,1
LifeProTips,1299,4336,1
InternetIsBeautiful,361,3923,1
television,338,1171,1
OldSchoolCool,357,4301,1
sports,80,645,1
funny,416,5132,1
pics,339,6737,1
aww,351,6191,1
LifeProTips,584,3879,1
videos,1911,5264,1
gaming,520,4627,1
science,1678,5494,1
Showerthoughts,747,4123,1
news,5543,5080,1
gifs,139,2832,1
todayilearned,585,5435,1
nottheonion,501,3081,1
Futurology,1529,4326,1
Jokes,264,3360,1
movies,711,3494,1
worldnews,309,4941,1
EarthPorn,140,2803,1
IAmA,343,1515,1
dataisbeautiful,468,3634,1
mildlyinteresting,204,4012,1
OldSchoolCool,125,2076,1
tifu,520,3331,1
InternetIsBeautiful,151,1379,1
food,176,2962,1
explainlikeimfive,2219,3290,1
AskReddit,5298,2697,1
gifs,275,4369,1
pics,777,5964,1
todayilearned,361,4436,1
science,1220,4548,1
aww,69,4121,1
Showerthoughts,455,4447,1
videos,2233,4762,1
gaming,276,4573,1
Jokes,194,2752,1
movies,45,1229,1
Music,1234,4050,1
mildlyinteresting,224,3186,1
worldnews,3790,5170,1
OldSchoolCool,373,2579,1
TwoXChromosomes,61,720,1
photoshopbattles,99,968,1
IAmA,134,613,1
UpliftingNews,824,4875,1
news,1901,4679,1
dataisbeautiful,95,842,1
gadgets,85,671,1
EarthPorn,17,865,1
AskReddit,3536,1011,1
explainlikeimfive,979,3171,1
movies,457,5573,1
news,1830,5023,1
funny,212,3963,1
gifs,997,5601,1
aww,323,4775,1
todayilearned,1281,6078,1
pics,375,3174,1
TwoXChromosomes,499,3059,1
science,2138,4484,1
gaming,102,2822,1
worldnews,3104,5187,1
Showerthoughts,233,2518,1
AskReddit,4567,2580,1
photoshopbattles,285,3253,1
Jokes,315,3761,1
videos,3967,4929,1
dataisbeautiful,354,2790,1
creepy,171,2131,1
IAmA,369,1636,1
Futurology,2327,4947,1
gadgets,215,1981,1
television,584,1028,1
LifeProTips,223,970,1
OldSchoolCool,604,3706,1
EarthPorn,22,1742,1
